question,expected_report_id,source_chunk_excerpt,mode,template
O que causou a falha no Válvula de retenção?,5,"A análise visual do conector permitiu observar fratura sem deformação significativa típica para ruptura frágil. Foram observadas regiões na fratura com característica de amassamento, que certamente fo",heuristic,metadata.tag.causa
Qual a análise de falha realizada para o cliente PETROBRÁS COMPARTILHADO na unidade PETROBRÁS – UN RECAP?,5,"A análise visual do conector permitiu observar fratura sem deformação significativa típica para ruptura frágil. Foram observadas regiões na fratura com característica de amassamento, que certamente fo",heuristic,metadata.cliente_unidade
Houve indícios de trinca na análise do equipamento Cilindro de Oxigênio?,5,"A análise visual do conector permitiu observar fratura sem deformação significativa típica para ruptura frágil. Foram observadas regiões na fratura com característica de amassamento, que certamente fo",heuristic,content.dano
O que causou a falha no P-UH-B-UB-5420501C-01?,13,"A análise visual das placas 1 e 2 permitiu identificar trinca superficial paralela a canaleta lateral na base da nervura da placa 2, nervuras com danos superficiais típicos de desgaste por atrito entr",heuristic,metadata.tag.causa
"Em qual relatório é descrito: ""A análise visual das placas 1 e 2 permitiu identificar trinca superficial paralela a canaleta lateral na base da nervura da placa 2, nervuras com dano""?",13,"A análise visual das placas 1 e 2 permitiu identificar trinca superficial paralela a canaleta lateral na base da nervura da placa 2, nervuras com danos superficiais típicos de desgaste por atrito entr",heuristic,content.first_sentence
Qual a conclusão da análise de falha do P-UH-B-UB-5420501C-01?,13,"A análise visual das placas 1 e 2 permitiu identificar trinca superficial paralela a canaleta lateral na base da nervura da placa 2, nervuras com danos superficiais típicos de desgaste por atrito entr",heuristic,metadata.tag.conclusao
O que causou a falha no PSV-6311009?,22,A inspeção visual das amostras recebidas permitiu observar fraturas com característica frágil e evidências de envelhecimento na metade da profundidade das fraturas indicando propagação das trincas até,heuristic,metadata.tag.causa
Quais foram os mecanismos de dano identificados na análise de PSV-6311009?,22,A inspeção visual das amostras recebidas permitiu observar fraturas com característica frágil e evidências de envelhecimento na metade da profundidade das fraturas indicando propagação das trincas até,heuristic,metadata.analise_tag
Qual a conclusão da análise de falha do PSV-6311009?,22,A inspeção visual das amostras recebidas permitiu observar fraturas com característica frágil e evidências de envelhecimento na metade da profundidade das fraturas indicando propagação das trincas até,heuristic,metadata.tag.conclusao
Qual a conclusão da análise de falha do Trecho trincado?,116,"As análises metalográficas mostraram microstruturas compostas por ferrita e carbonetos nas regiões de metal base e solda, e martensita nas regiões de ZTA´s. Observado danos superficiais internos com c",heuristic,metadata.tag.conclusao
Houve indícios de corrosão na análise do equipamento Linha de PSA?,116,"As análises metalográficas mostraram microstruturas compostas por ferrita e carbonetos nas regiões de metal base e solda, e martensita nas regiões de ZTA´s. Observado danos superficiais internos com c",heuristic,content.dano
Qual o tipo de equipamento analisado no relatório ISQ-LA-2030523-L-03343?,116,"As análises metalográficas mostraram microstruturas compostas por ferrita e carbonetos nas regiões de metal base e solda, e martensita nas regiões de ZTA´s. Observado danos superficiais internos com c",heuristic,metadata.equipamento
Quais foram os mecanismos de dano identificados na análise de PSV-6311009?,22,"As análises realizadas indicam que a mola da PSV-6311009 falhou durante o teste sob comportamento frágil monotônico, devido a presença de trincas de corrosão sob tensão por cloretos (CST) pré-existent",heuristic,metadata.analise_tag
Qual a conclusão da análise de falha do PSV-6311009?,22,"As análises realizadas indicam que a mola da PSV-6311009 falhou durante o teste sob comportamento frágil monotônico, devido a presença de trincas de corrosão sob tensão por cloretos (CST) pré-existent",heuristic,metadata.tag.conclusao
"Em qual relatório é descrito: ""As análises realizadas indicam que a mola da PSV-6311009 falhou durante o teste sob comportamento frágil monotônico, devido a presença de trincas de c""?",22,"As análises realizadas indicam que a mola da PSV-6311009 falhou durante o teste sob comportamento frágil monotônico, devido a presença de trincas de corrosão sob tensão por cloretos (CST) pré-existent",heuristic,content.first_sentence
Quais foram os mecanismos de dano identificados na análise de Válvula de retenção?,5,Os resultados das análises indicam que o conector roscado do corpo da válvula do cilindro de oxigênio falhou por ruptura frágil monotônica de forma instantânea.  As características observadas na amost,heuristic,metadata.analise_tag
O que causou a falha no Válvula de retenção?,5,Os resultados das análises indicam que o conector roscado do corpo da válvula do cilindro de oxigênio falhou por ruptura frágil monotônica de forma instantânea.  As características observadas na amost,heuristic,metadata.tag.causa
Houve indícios de trinca na análise do equipamento Cilindro de Oxigênio?,5,Os resultados das análises indicam que o conector roscado do corpo da válvula do cilindro de oxigênio falhou por ruptura frágil monotônica de forma instantânea.  As características observadas na amost,heuristic,content.dano
O que causou a falha no P-UH-1223504A?,12,"O equipamento P-UH-1223504A da plataforma P-75 apresentou vazamento em operação resultando em contaminação cruzada, ele foi enviado à empresa Tranter, para realização de inspeção em atendimento a nota",heuristic,metadata.tag.causa
Quais foram os danos observados no equipamento P-UH-1223504A?,12,"O equipamento P-UH-1223504A da plataforma P-75 apresentou vazamento em operação resultando em contaminação cruzada, ele foi enviado à empresa Tranter, para realização de inspeção em atendimento a nota",heuristic,metadata.tag.danos
Qual o tipo de equipamento analisado no relatório ISQ-AF-2030523-L-00986?,12,"O equipamento P-UH-1223504A da plataforma P-75 apresentou vazamento em operação resultando em contaminação cruzada, ele foi enviado à empresa Tranter, para realização de inspeção em atendimento a nota",heuristic,metadata.equipamento
Quais foram os mecanismos de dano identificados na análise de M-B-5124001C?,11,"As análises realizadas indicam que o rolamento falhou em operação devido a nucleação de danos por fadiga de contato, que resultou no desprendimento de partículas na superfície do canal de rolamento da",heuristic,metadata.analise_tag
"Em qual relatório é descrito: ""As análises realizadas indicam que o rolamento falhou em operação devido a nucleação de danos por fadiga de contato, que resultou no desprendimento de""?",11,"As análises realizadas indicam que o rolamento falhou em operação devido a nucleação de danos por fadiga de contato, que resultou no desprendimento de partículas na superfície do canal de rolamento da",heuristic,content.first_sentence
Houve indícios de corrosão na análise do equipamento ROLAMENTO DE MOTOR ELÉTRICO?,11,"As análises realizadas indicam que o rolamento falhou em operação devido a nucleação de danos por fadiga de contato, que resultou no desprendimento de partículas na superfície do canal de rolamento da",heuristic,content.dano
Houve indícios de corrosão na análise do equipamento Caldeira?,134,A inspeção visual realizada no trecho de tubo recebido permitiu observar danos superficiais internos típicos de corrosão alveolar e resíduos aderidos a superfície com corrosão. As análises realizadas ,heuristic,content.dano
O que causou a falha no Tubo?,134,A inspeção visual realizada no trecho de tubo recebido permitiu observar danos superficiais internos típicos de corrosão alveolar e resíduos aderidos a superfície com corrosão. As análises realizadas ,heuristic,metadata.tag.causa
Qual a conclusão da análise de falha do Tubo?,134,A inspeção visual realizada no trecho de tubo recebido permitiu observar danos superficiais internos típicos de corrosão alveolar e resíduos aderidos a superfície com corrosão. As análises realizadas ,heuristic,metadata.tag.conclusao
"Em qual relatório é descrito: ""As análises realizadas indicam que os niples do forno falharam devido a propagação de trincas por corrosão sob tensão por cloretos (CST)""?",3,As análises realizadas indicam que os niples do forno falharam devido a propagação de trincas por corrosão sob tensão por cloretos (CST). Os danos estão associados ao meio de exposição ricos em cloret,heuristic,content.first_sentence
Qual a conclusão da análise de falha do 18-2401?,3,As análises realizadas indicam que os niples do forno falharam devido a propagação de trincas por corrosão sob tensão por cloretos (CST). Os danos estão associados ao meio de exposição ricos em cloret,heuristic,metadata.tag.conclusao
Quais foram os mecanismos de dano identificados na análise de 18-2401?,3,As análises realizadas indicam que os niples do forno falharam devido a propagação de trincas por corrosão sob tensão por cloretos (CST). Os danos estão associados ao meio de exposição ricos em cloret,heuristic,metadata.analise_tag
Qual o tipo de equipamento analisado no relatório ISQ-AF-2030523-L-01785?,7,O tubo falhou em operação devido a redução da parede do tubo por corrosão interna preferencial na região da solda do tubo com o weldolet da linha principal. O processo corrosivo ocorreu provavelmente ,heuristic,metadata.equipamento
O que causou a falha no 2”-PE-66-004-C1?,7,O tubo falhou em operação devido a redução da parede do tubo por corrosão interna preferencial na região da solda do tubo com o weldolet da linha principal. O processo corrosivo ocorreu provavelmente ,heuristic,metadata.tag.causa
Qual a análise de falha realizada para o cliente PETROBRÁS COMPARTILHADO na unidade PETROBRÁS – TRANSPETRO SUAPE-PE?,7,O tubo falhou em operação devido a redução da parede do tubo por corrosão interna preferencial na região da solda do tubo com o weldolet da linha principal. O processo corrosivo ocorreu provavelmente ,heuristic,metadata.cliente_unidade
Qual a conclusão da análise de falha do 0613-E-0003?,20,Os resultados das análises indicam que os tubos do permutador de calor 0613-E-0003 falhou em operação devido a propagação de trincas de corrosão sob tensão por cloretos a partir da superfície externa ,heuristic,metadata.tag.conclusao
O que causou a falha no 0613-E-0003?,20,Os resultados das análises indicam que os tubos do permutador de calor 0613-E-0003 falhou em operação devido a propagação de trincas de corrosão sob tensão por cloretos a partir da superfície externa ,heuristic,metadata.tag.causa
Qual o tipo de equipamento analisado no relatório ISQ-AF-2030523-L-03793?,20,Os resultados das análises indicam que os tubos do permutador de calor 0613-E-0003 falhou em operação devido a propagação de trincas de corrosão sob tensão por cloretos a partir da superfície externa ,heuristic,metadata.equipamento
Qual o tipo de equipamento analisado no relatório ISQ-AF-2030523-L-00647?,10,"A caixa redutora do guindaste falhou em operação. Após a ocorrência da falha o conjunto foi desmontado, e um pino de fixação das engrenagens, duas engrenagens e o eixo principal do pinhão da mesa de g",heuristic,metadata.equipamento
O que causou a falha no GD-526001/2?,10,"A caixa redutora do guindaste falhou em operação. Após a ocorrência da falha o conjunto foi desmontado, e um pino de fixação das engrenagens, duas engrenagens e o eixo principal do pinhão da mesa de g",heuristic,metadata.tag.causa
"Em qual relatório é descrito: ""A caixa redutora do guindaste falhou em operação""?",10,"A caixa redutora do guindaste falhou em operação. Após a ocorrência da falha o conjunto foi desmontado, e um pino de fixação das engrenagens, duas engrenagens e o eixo principal do pinhão da mesa de g",heuristic,content.first_sentence
O que causou a falha no 8”-C4-1231-0101-B35 (KM8)-IQ?,4,"Foi encontrado caído na área operacional junto a canaleta, um suporte de tubulação fabricado por perfil “U”. O conjunto de suportação foi levado para a oficina e retirado um trecho de cada extremidade",heuristic,metadata.tag.causa
Qual a conclusão da análise de falha do 8”-C4-1231-0101-B35 (KM8)-IQ?,4,"Foi encontrado caído na área operacional junto a canaleta, um suporte de tubulação fabricado por perfil “U”. O conjunto de suportação foi levado para a oficina e retirado um trecho de cada extremidade",heuristic,metadata.tag.conclusao
Qual a análise de falha realizada para o cliente PETROBRÁS COMPARTILHADO na unidade BOAVENTURA?,4,"Foi encontrado caído na área operacional junto a canaleta, um suporte de tubulação fabricado por perfil “U”. O conjunto de suportação foi levado para a oficina e retirado um trecho de cada extremidade",heuristic,metadata.cliente_unidade
O que causou a falha no S-300003E?,18,As análises realizadas mostraram que o casco na região da amostra 1 (Com danos)  apresentou danos causados por superaquecimento em temperatura superior a 850°C por longo período. A exposição do equipa,heuristic,metadata.tag.causa
Quais foram os mecanismos de dano identificados na análise de S-300003E?,18,As análises realizadas mostraram que o casco na região da amostra 1 (Com danos)  apresentou danos causados por superaquecimento em temperatura superior a 850°C por longo período. A exposição do equipa,heuristic,metadata.analise_tag
Houve indícios de deformação na análise do equipamento Ciclone do Regenerador?,18,As análises realizadas mostraram que o casco na região da amostra 1 (Com danos)  apresentou danos causados por superaquecimento em temperatura superior a 850°C por longo período. A exposição do equipa,heuristic,content.dano
Qual a análise de falha realizada para o cliente PETROBRÁS COMPARTILHADO na unidade UN REGAP – Refinaria Gabriel Passos - MG?,21,A caldeira apresentou vazamento em operação. Após a parada do equipamento e acesso interno observou-se a ruptura do tubo 11 da fileira 2 do Superaquecedor. O trecho do tubo rompido foi removido e envi,heuristic,metadata.cliente_unidade
"Em qual relatório é descrito: ""A caldeira apresentou vazamento em operação""?",21,A caldeira apresentou vazamento em operação. Após a parada do equipamento e acesso interno observou-se a ruptura do tubo 11 da fileira 2 do Superaquecedor. O trecho do tubo rompido foi removido e envi,heuristic,content.first_sentence
Qual o tipo de equipamento analisado no relatório ISQ-AF-2030523-L-02281?,21,A caldeira apresentou vazamento em operação. Após a parada do equipamento e acesso interno observou-se a ruptura do tubo 11 da fileira 2 do Superaquecedor. O trecho do tubo rompido foi removido e envi,heuristic,metadata.equipamento
Qual a conclusão da análise de falha do S-300003E?,18,Durante a inspeção periódica foi observado região do casco do ciclone do primeiro estágio (E1) do regenerador com ruptura e deformação. Em função dos danos observados foram retiradas duas amostras ide,heuristic,metadata.tag.conclusao
Qual o tipo de equipamento analisado no relatório ISQ-AF-2030523-L-00232?,18,Durante a inspeção periódica foi observado região do casco do ciclone do primeiro estágio (E1) do regenerador com ruptura e deformação. Em função dos danos observados foram retiradas duas amostras ide,heuristic,metadata.equipamento
Quais foram os danos observados no equipamento S-300003E?,18,Durante a inspeção periódica foi observado região do casco do ciclone do primeiro estágio (E1) do regenerador com ruptura e deformação. Em função dos danos observados foram retiradas duas amostras ide,heuristic,metadata.tag.danos
"Em qual relatório é descrito: ""Os Moitões de içamento de carga foram enviados para a sede do ISQ Brasil em 02/07/2025 com o objetivo de realizar análises e ensaios para determinar a""?",8,Os Moitões de içamento de carga foram enviados para a sede do ISQ Brasil em 02/07/2025 com o objetivo de realizar análises e ensaios para determinar a presença de descontinuidades e defeitos de fundiç,heuristic,content.first_sentence
Qual a conclusão da análise de falha do MOITÕES DE ALUMINIO?,8,Os Moitões de içamento de carga foram enviados para a sede do ISQ Brasil em 02/07/2025 com o objetivo de realizar análises e ensaios para determinar a presença de descontinuidades e defeitos de fundiç,heuristic,metadata.tag.conclusao
Quais foram os mecanismos de dano identificados na análise de MOITÕES DE ALUMINIO?,8,Os Moitões de içamento de carga foram enviados para a sede do ISQ Brasil em 02/07/2025 com o objetivo de realizar análises e ensaios para determinar a presença de descontinuidades e defeitos de fundiç,heuristic,metadata.analise_tag
Qual a análise de falha realizada para o cliente PETROBRÁS COMPARTILHADO na unidade PETROBRÁS – BOAVENTURA?,3,A análise visual dos niples permitiu identificar fraturas transversais paralelas as soldas circunferenciais entre niples e tubos da serpentina do forno. As características das fraturas evidenciam a nu,heuristic,metadata.cliente_unidade
"Em qual relatório é descrito: ""A análise visual dos niples permitiu identificar fraturas transversais paralelas as soldas circunferenciais entre niples e tubos da serpentina do forn""?",3,A análise visual dos niples permitiu identificar fraturas transversais paralelas as soldas circunferenciais entre niples e tubos da serpentina do forno. As características das fraturas evidenciam a nu,heuristic,content.first_sentence
Houve indícios de corrosão na análise do equipamento FORNO?,3,A análise visual dos niples permitiu identificar fraturas transversais paralelas as soldas circunferenciais entre niples e tubos da serpentina do forno. As características das fraturas evidenciam a nu,heuristic,content.dano
Quais foram os danos observados no equipamento 0613-E-0003?,20,"A análise visual das amostras recebidas permitiu observar danos superficiais externos típicos de corrosão, ranhuras e trincas. A amostra de fratura enviada inicialmente mostrou-se bastante amassada e ",heuristic,metadata.tag.danos
O que causou a falha no 0613-E-0003?,20,"A análise visual das amostras recebidas permitiu observar danos superficiais externos típicos de corrosão, ranhuras e trincas. A amostra de fratura enviada inicialmente mostrou-se bastante amassada e ",heuristic,metadata.tag.causa
Quais foram os mecanismos de dano identificados na análise de 0613-E-0003?,20,"A análise visual das amostras recebidas permitiu observar danos superficiais externos típicos de corrosão, ranhuras e trincas. A amostra de fratura enviada inicialmente mostrou-se bastante amassada e ",heuristic,metadata.analise_tag
O que causou a falha no GD-526001/2?,9,"A análise visual das amostras recebidas permitiu verificar as seguintes características: - Pino de fixação das engrenagens (Amostra 1) com ruptura transversal, características que indicam iniciação em",heuristic,metadata.tag.causa
"Em qual relatório é descrito: ""A análise visual das amostras recebidas permitiu verificar as seguintes características: - Pino de fixação das engrenagens (Amostra 1) com ruptura tra""?",9,"A análise visual das amostras recebidas permitiu verificar as seguintes características: - Pino de fixação das engrenagens (Amostra 1) com ruptura transversal, características que indicam iniciação em",heuristic,content.first_sentence
Quais foram os danos observados no equipamento GD-526001/2?,9,"A análise visual das amostras recebidas permitiu verificar as seguintes características: - Pino de fixação das engrenagens (Amostra 1) com ruptura transversal, características que indicam iniciação em",heuristic,metadata.tag.danos
Houve indícios de corrosão na análise do equipamento ROLAMENTO DE MOTOR ELÉTRICO?,11,"A análise visual da amostra recebida permitiu observar danos na superfície interna da pista, pontos de incrustação nas superfícies laterais da capa externa, pista interna e gaiola. Após a realização d",heuristic,content.dano
Quais foram os mecanismos de dano identificados na análise de M-B-5124001C?,11,"A análise visual da amostra recebida permitiu observar danos na superfície interna da pista, pontos de incrustação nas superfícies laterais da capa externa, pista interna e gaiola. Após a realização d",heuristic,metadata.analise_tag
Qual a análise de falha realizada para o cliente PETROBRÁS COMPARTILHADO na unidade PETROBRÁS – UN-BS (BACIA DE SANTOS)?,11,"A análise visual da amostra recebida permitiu observar danos na superfície interna da pista, pontos de incrustação nas superfícies laterais da capa externa, pista interna e gaiola. Após a realização d",heuristic,metadata.cliente_unidade
Qual a conclusão da análise de falha do 15-2149?,1,"A inspeção visual realizada nos trechos de tubos recebidos para análises, permitiu observar danos superficiais externos típicos de alvéolos de corrosão, danos nas regiões adjacentes as chicanas e espe",heuristic,metadata.tag.conclusao
O que causou a falha no 15-2149?,1,"A inspeção visual realizada nos trechos de tubos recebidos para análises, permitiu observar danos superficiais externos típicos de alvéolos de corrosão, danos nas regiões adjacentes as chicanas e espe",heuristic,metadata.tag.causa
Qual o tipo de equipamento analisado no relatório ISQ-AF-2030523-L-01959?,1,"A inspeção visual realizada nos trechos de tubos recebidos para análises, permitiu observar danos superficiais externos típicos de alvéolos de corrosão, danos nas regiões adjacentes as chicanas e espe",heuristic,metadata.equipamento
O que causou a falha no 03?,106,"Os ensaios e análises realizadas, mostraram que o trecho de hélice apresenta propriedades químicas e mecânicas satisfatórias para o material ASTM A572 Gr.60. A microestrutura observada na análise, com",heuristic,metadata.tag.causa
"Em qual relatório é descrito: ""Os ensaios e análises realizadas, mostraram que o trecho de hélice apresenta propriedades químicas e mecânicas satisfatórias para o material ASTM A572""?",106,"Os ensaios e análises realizadas, mostraram que o trecho de hélice apresenta propriedades químicas e mecânicas satisfatórias para o material ASTM A572 Gr.60. A microestrutura observada na análise, com",heuristic,content.first_sentence
Qual a conclusão da análise de falha do 03?,106,"Os ensaios e análises realizadas, mostraram que o trecho de hélice apresenta propriedades químicas e mecânicas satisfatórias para o material ASTM A572 Gr.60. A microestrutura observada na análise, com",heuristic,metadata.tag.conclusao
Quais foram os danos observados no equipamento GD-526001/2?,10,"As análises realizadas indicam que o conjunto falhou em operação, devido à ruptura do Pino de fixação das engrenagens (Item 5) do redutor de S-600 (Item 100) por Fadiga Mecânica, associado a carregame",heuristic,metadata.tag.danos
O que causou a falha no GD-526001/2?,10,"As análises realizadas indicam que o conjunto falhou em operação, devido à ruptura do Pino de fixação das engrenagens (Item 5) do redutor de S-600 (Item 100) por Fadiga Mecânica, associado a carregame",heuristic,metadata.tag.causa
Quais foram os mecanismos de dano identificados na análise de GD-526001/2?,10,"As análises realizadas indicam que o conjunto falhou em operação, devido à ruptura do Pino de fixação das engrenagens (Item 5) do redutor de S-600 (Item 100) por Fadiga Mecânica, associado a carregame",heuristic,metadata.analise_tag
Quais foram os danos observados no equipamento B-5125001-C?,15,"A inspeção visual realizada na amostra do eixo enviado para análise, permitiu identificar fratura transversal em região com rasgo de chaveta, danos superficiais típicos de corrosão, ranhuras superfici",heuristic,metadata.tag.danos
Qual a conclusão da análise de falha do B-5125001-C?,15,"A inspeção visual realizada na amostra do eixo enviado para análise, permitiu identificar fratura transversal em região com rasgo de chaveta, danos superficiais típicos de corrosão, ranhuras superfici",heuristic,metadata.tag.conclusao
Houve indícios de corrosão na análise do equipamento Eixo de Bomba?,15,"A inspeção visual realizada na amostra do eixo enviado para análise, permitiu identificar fratura transversal em região com rasgo de chaveta, danos superficiais típicos de corrosão, ranhuras superfici",heuristic,content.dano
Qual o tipo de equipamento analisado no relatório ISQ-AF-2030523-L-00036?,6,"O tubo do evaporador falhou em operação devido a nucleação de danos internos por corrosão por oxigênio. O mecanismo provavelmente está associado ao procedimento de hibernação seca do equipamento, onde",heuristic,metadata.equipamento
"Em qual relatório é descrito: ""O tubo do evaporador falhou em operação devido a nucleação de danos internos por corrosão por oxigênio""?",6,"O tubo do evaporador falhou em operação devido a nucleação de danos internos por corrosão por oxigênio. O mecanismo provavelmente está associado ao procedimento de hibernação seca do equipamento, onde",heuristic,content.first_sentence
Houve indícios de corrosão na análise do equipamento Caldeira?,6,"O tubo do evaporador falhou em operação devido a nucleação de danos internos por corrosão por oxigênio. O mecanismo provavelmente está associado ao procedimento de hibernação seca do equipamento, onde",heuristic,content.dano
Qual o tipo de equipamento analisado no relatório ISQ-AF-2030523-L-03848?,5,A válvula do cilindro de oxigênio falhou em operação resultando em ruptura do corpo roscado. O trecho rompido do corpo roscado foi enviado para análise de falhas na sede do ISQ Brasil. Esse estudo tem,heuristic,metadata.equipamento
"Em qual relatório é descrito: ""A válvula do cilindro de oxigênio falhou em operação resultando em ruptura do corpo roscado""?",5,A válvula do cilindro de oxigênio falhou em operação resultando em ruptura do corpo roscado. O trecho rompido do corpo roscado foi enviado para análise de falhas na sede do ISQ Brasil. Esse estudo tem,heuristic,content.first_sentence
Houve indícios de ruptura na análise do equipamento Cilindro de Oxigênio?,5,A válvula do cilindro de oxigênio falhou em operação resultando em ruptura do corpo roscado. O trecho rompido do corpo roscado foi enviado para análise de falhas na sede do ISQ Brasil. Esse estudo tem,heuristic,content.dano
Quais foram os mecanismos de dano identificados na análise de S-300003E?,18,"A inspeção visual realizada na amostra 1 (Com danos) permitiu observar danos superficiais típicos de oxidação à quente que resultou na deterioração da chapa e colmeia de ancoragem do refratário, despr",heuristic,metadata.analise_tag
Qual a conclusão da análise de falha do S-300003E?,18,"A inspeção visual realizada na amostra 1 (Com danos) permitiu observar danos superficiais típicos de oxidação à quente que resultou na deterioração da chapa e colmeia de ancoragem do refratário, despr",heuristic,metadata.tag.conclusao
Houve indícios de deformação na análise do equipamento Ciclone do Regenerador?,18,"A inspeção visual realizada na amostra 1 (Com danos) permitiu observar danos superficiais típicos de oxidação à quente que resultou na deterioração da chapa e colmeia de ancoragem do refratário, despr",heuristic,content.dano
O que causou a falha no SG-1223001?,16,"Durante realização do ensaio por Ultrassom Phased Array das soldas do vaso SG-1223001 de P-75 em 11/12/2024, foram encontradas indicações de descontinuidades embebidas nas soldas típicas de trincas. E",heuristic,metadata.tag.causa
Houve indícios de trinca na análise do equipamento Vaso Separador?,16,"Durante realização do ensaio por Ultrassom Phased Array das soldas do vaso SG-1223001 de P-75 em 11/12/2024, foram encontradas indicações de descontinuidades embebidas nas soldas típicas de trincas. E",heuristic,content.dano
Qual a conclusão da análise de falha do SG-1223001?,16,"Durante realização do ensaio por Ultrassom Phased Array das soldas do vaso SG-1223001 de P-75 em 11/12/2024, foram encontradas indicações de descontinuidades embebidas nas soldas típicas de trincas. E",heuristic,metadata.tag.conclusao
O que causou a falha no P-UG-5262501?,14,"A inspeção visual realizada na amostra permitiu identificar danos superficiais externos nos tubos e nas aletas do radiador, tais como amassamentos, rupturas e afinamentos nas aletas típicos de corrosã",heuristic,metadata.tag.causa
Qual a conclusão da análise de falha do P-UG-5262501?,14,"A inspeção visual realizada na amostra permitiu identificar danos superficiais externos nos tubos e nas aletas do radiador, tais como amassamentos, rupturas e afinamentos nas aletas típicos de corrosã",heuristic,metadata.tag.conclusao
Qual a análise de falha realizada para o cliente PETROBRÁS COMPARTILHADO na unidade UN-BUZ P-74?,14,"A inspeção visual realizada na amostra permitiu identificar danos superficiais externos nos tubos e nas aletas do radiador, tais como amassamentos, rupturas e afinamentos nas aletas típicos de corrosã",heuristic,metadata.cliente_unidade
Houve indícios de trinca na análise do equipamento Vaso Separador?,17,"Durante realização do ensaio por Ultrassom Phased Array das soldas do vaso SG-1223001 de P-75 em 11/12/2024, foram encontradas indicações de descontinuidades embebidas nas soldas típicas de trincas. E",heuristic,content.dano
"Em qual relatório é descrito: ""Durante realização do ensaio por Ultrassom Phased Array das soldas do vaso SG-1223001 de P-75 em 11/12/2024, foram encontradas indicações de descontin""?",17,"Durante realização do ensaio por Ultrassom Phased Array das soldas do vaso SG-1223001 de P-75 em 11/12/2024, foram encontradas indicações de descontinuidades embebidas nas soldas típicas de trincas. E",heuristic,content.first_sentence
O que causou a falha no SG-1223001?,17,"Durante realização do ensaio por Ultrassom Phased Array das soldas do vaso SG-1223001 de P-75 em 11/12/2024, foram encontradas indicações de descontinuidades embebidas nas soldas típicas de trincas. E",heuristic,metadata.tag.causa
Qual a conclusão da análise de falha do 22HA – HP-EVAP?,6,"A análise visual do trecho de tubo aletado após seccionamento longitudinal, permitiu identificar as localizações dos danos superficiais internos e a região do furo passante na geratriz inferior do tub",heuristic,metadata.tag.conclusao
Quais foram os mecanismos de dano identificados na análise de 22HA – HP-EVAP?,6,"A análise visual do trecho de tubo aletado após seccionamento longitudinal, permitiu identificar as localizações dos danos superficiais internos e a região do furo passante na geratriz inferior do tub",heuristic,metadata.analise_tag
Qual o tipo de equipamento analisado no relatório ISQ-AF-2030523-L-00036?,6,"A análise visual do trecho de tubo aletado após seccionamento longitudinal, permitiu identificar as localizações dos danos superficiais internos e a região do furo passante na geratriz inferior do tub",heuristic,metadata.equipamento
Qual a análise de falha realizada para o cliente PETROBRÁS COMPARTILHADO na unidade PETROBRÁS – BOAVENTURA?,1,Durante o procedimento de retubagem do permutador de calor P-15-2149 foram observados que os tubos do feixe se apresentavam severamente corroídos. Foram retirados 11 trechos de tubos com comprimento e,heuristic,metadata.cliente_unidade
Qual a conclusão da análise de falha do 15-2149?,1,Durante o procedimento de retubagem do permutador de calor P-15-2149 foram observados que os tubos do feixe se apresentavam severamente corroídos. Foram retirados 11 trechos de tubos com comprimento e,heuristic,metadata.tag.conclusao
"Em qual relatório é descrito: ""Durante o procedimento de retubagem do permutador de calor P-15-2149 foram observados que os tubos do feixe se apresentavam severamente corroídos""?",1,Durante o procedimento de retubagem do permutador de calor P-15-2149 foram observados que os tubos do feixe se apresentavam severamente corroídos. Foram retirados 11 trechos de tubos com comprimento e,heuristic,content.first_sentence
Quais foram os danos observados no equipamento GAXETA?,126,A inspeção visual realizada na amostra recebida mostrou boas condições na amostra sem danos significativos. As análises e ensaios realizados na amostra da borracha mostraram resultados e característic,heuristic,metadata.tag.danos
Qual a análise de falha realizada para o cliente PETROBRÁS COMPARTILHADO na unidade UN-BS (BACIA DE SANTOS) – P-69?,126,A inspeção visual realizada na amostra recebida mostrou boas condições na amostra sem danos significativos. As análises e ensaios realizados na amostra da borracha mostraram resultados e característic,heuristic,metadata.cliente_unidade
Qual a conclusão da análise de falha do GAXETA?,126,A inspeção visual realizada na amostra recebida mostrou boas condições na amostra sem danos significativos. As análises e ensaios realizados na amostra da borracha mostraram resultados e característic,heuristic,metadata.tag.conclusao
Quais foram os danos observados no equipamento 18-2401?,3,Durante a inspeção do Forno 18-2401 foram identificadas fraturas transversais paralelas a solda circunferencial entre os niples e tubos da serpentina. As amostras foram retiradas para substituição e e,heuristic,metadata.tag.danos
Qual a análise de falha realizada para o cliente PETROBRÁS COMPARTILHADO na unidade PETROBRÁS – BOAVENTURA?,3,Durante a inspeção do Forno 18-2401 foram identificadas fraturas transversais paralelas a solda circunferencial entre os niples e tubos da serpentina. As amostras foram retiradas para substituição e e,heuristic,metadata.cliente_unidade
Houve indícios de trinca na análise do equipamento FORNO?,3,Durante a inspeção do Forno 18-2401 foram identificadas fraturas transversais paralelas a solda circunferencial entre os niples e tubos da serpentina. As amostras foram retiradas para substituição e e,heuristic,content.dano
Qual a conclusão da análise de falha do MOITÕES DE ALUMINIO?,8,"Os resultados obtidos nas análises indicam que os componentes de içamento de carga não apresentam as propriedades necessárias para a utilização em transportes de cargas, devido à alta probabilidade de",heuristic,metadata.tag.conclusao
Qual o tipo de equipamento analisado no relatório ISQ-AF-2030523-L-00521?,8,"Os resultados obtidos nas análises indicam que os componentes de içamento de carga não apresentam as propriedades necessárias para a utilização em transportes de cargas, devido à alta probabilidade de",heuristic,metadata.equipamento
Quais foram os mecanismos de dano identificados na análise de MOITÕES DE ALUMINIO?,8,"Os resultados obtidos nas análises indicam que os componentes de içamento de carga não apresentam as propriedades necessárias para a utilização em transportes de cargas, devido à alta probabilidade de",heuristic,metadata.analise_tag
"Em qual relatório é descrito: ""As análises metalográficas realizadas nas amostras 1 e 2 mostraram microstruturas compostas por martensita induzida por conformação, precipitação de c""?",120,"As análises metalográficas realizadas nas amostras 1 e 2 mostraram microstruturas compostas por martensita induzida por conformação, precipitação de carbonetos e precipitados.  As análises químicas re",heuristic,content.first_sentence
Qual a análise de falha realizada para o cliente PETROBRÁS COMPARTILHADO na unidade UN-BC (BACIA DE CAMPOS – RJ)?,120,"As análises metalográficas realizadas nas amostras 1 e 2 mostraram microstruturas compostas por martensita induzida por conformação, precipitação de carbonetos e precipitados.  As análises químicas re",heuristic,metadata.cliente_unidade
Qual o tipo de equipamento analisado no relatório ISQ-LA-2030523-L-03402?,120,"As análises metalográficas realizadas nas amostras 1 e 2 mostraram microstruturas compostas por martensita induzida por conformação, precipitação de carbonetos e precipitados.  As análises químicas re",heuristic,metadata.equipamento
"Em qual relatório é descrito: ""A análise visual das amostras recebidas e identificadas como trecho 1 (Próximo a ruptura), trecho 2 (Distante da ruptura) e trecho 3 (Ruptura) permiti""?",21,"A análise visual das amostras recebidas e identificadas como trecho 1 (Próximo a ruptura), trecho 2 (Distante da ruptura) e trecho 3 (Ruptura) permitiu observar danos superficiais externos típicos de ",heuristic,content.first_sentence
Qual a conclusão da análise de falha do 0121-F-0001C?,21,"A análise visual das amostras recebidas e identificadas como trecho 1 (Próximo a ruptura), trecho 2 (Distante da ruptura) e trecho 3 (Ruptura) permitiu observar danos superficiais externos típicos de ",heuristic,metadata.tag.conclusao
O que causou a falha no 0121-F-0001C?,21,"A análise visual das amostras recebidas e identificadas como trecho 1 (Próximo a ruptura), trecho 2 (Distante da ruptura) e trecho 3 (Ruptura) permitiu observar danos superficiais externos típicos de ",heuristic,metadata.tag.causa
"Em qual relatório é descrito: ""O suporte da tubulação falhou devido a ruptura das soldas de fixação por sobrecarga""?",4,O suporte da tubulação falhou devido a ruptura das soldas de fixação por sobrecarga. O sobrecarregamento certamente foi causado pela movimentação longitudinal da tubulação em função da ocorrência de g,heuristic,content.first_sentence
Qual o tipo de equipamento analisado no relatório ISQ-AF-2030523-L-01803?,4,O suporte da tubulação falhou devido a ruptura das soldas de fixação por sobrecarga. O sobrecarregamento certamente foi causado pela movimentação longitudinal da tubulação em função da ocorrência de g,heuristic,metadata.equipamento
Qual a análise de falha realizada para o cliente PETROBRÁS COMPARTILHADO na unidade BOAVENTURA?,4,O suporte da tubulação falhou devido a ruptura das soldas de fixação por sobrecarga. O sobrecarregamento certamente foi causado pela movimentação longitudinal da tubulação em função da ocorrência de g,heuristic,metadata.cliente_unidade
Quais foram os mecanismos de dano identificados na análise de 15-2149?,1,As análises realizadas indicam que os tubos do permutador de calor 15-2149 falharam devido ao intenso processo de corrosão externa causado pela presença de elevados níveis de enxofre nos resíduos inte,heuristic,metadata.analise_tag
Qual a análise de falha realizada para o cliente PETROBRÁS COMPARTILHADO na unidade PETROBRÁS – BOAVENTURA?,1,As análises realizadas indicam que os tubos do permutador de calor 15-2149 falharam devido ao intenso processo de corrosão externa causado pela presença de elevados níveis de enxofre nos resíduos inte,heuristic,metadata.cliente_unidade
Quais foram os danos observados no equipamento 15-2149?,1,As análises realizadas indicam que os tubos do permutador de calor 15-2149 falharam devido ao intenso processo de corrosão externa causado pela presença de elevados níveis de enxofre nos resíduos inte,heuristic,metadata.tag.danos
Quais foram os danos observados no equipamento Trecho corrente?,19,"As análises realizadas mostraram que o componente falhou de forma frágil monotônica (instantânea), devido a fragilização do material causada durante procedimento de soldagem que resultou em microestru",heuristic,metadata.tag.danos
Qual a conclusão da análise de falha do Trecho corrente?,19,"As análises realizadas mostraram que o componente falhou de forma frágil monotônica (instantânea), devido a fragilização do material causada durante procedimento de soldagem que resultou em microestru",heuristic,metadata.tag.conclusao
Qual o tipo de equipamento analisado no relatório ISQ-AF-2030523-L-203970?,19,"As análises realizadas mostraram que o componente falhou de forma frágil monotônica (instantânea), devido a fragilização do material causada durante procedimento de soldagem que resultou em microestru",heuristic,metadata.equipamento
O que causou a falha no P-UH-1223504A?,12,"A placa 10F falhou em operação devido a nucleação de danos superficiais típicos de “fretting corrosion” que serviu como concentradores de tensões, e resultou na nucleação de trinca superficial que pro",heuristic,metadata.tag.causa
Houve indícios de trinca na análise do equipamento Resfriador de Óleo?,12,"A placa 10F falhou em operação devido a nucleação de danos superficiais típicos de “fretting corrosion” que serviu como concentradores de tensões, e resultou na nucleação de trinca superficial que pro",heuristic,content.dano
Qual a conclusão da análise de falha do P-UH-1223504A?,12,"A placa 10F falhou em operação devido a nucleação de danos superficiais típicos de “fretting corrosion” que serviu como concentradores de tensões, e resultou na nucleação de trinca superficial que pro",heuristic,metadata.tag.conclusao
Houve indícios de corrosão na análise do equipamento Acessórios de Tubulação?,85,"O ensaio de susceptibilidade à corrosão, realizada conforme Norma ASTM A262 Prática “A”, mostrou microestrutura com característica “Dual” indicando moderada resistência à corrosão intergranular nos co",heuristic,content.dano
Qual a análise de falha realizada para o cliente PETROBRAS COMPARTILHADO na unidade Refinaria Henrique Lage (REVAP)?,85,"O ensaio de susceptibilidade à corrosão, realizada conforme Norma ASTM A262 Prática “A”, mostrou microestrutura com característica “Dual” indicando moderada resistência à corrosão intergranular nos co",heuristic,metadata.cliente_unidade
"Em qual relatório é descrito: ""O ensaio de susceptibilidade à corrosão, realizada conforme Norma ASTM A262 Prática “A”, mostrou microestrutura com característica “Dual” indicando mo""?",85,"O ensaio de susceptibilidade à corrosão, realizada conforme Norma ASTM A262 Prática “A”, mostrou microestrutura com característica “Dual” indicando moderada resistência à corrosão intergranular nos co",heuristic,content.first_sentence
Quais foram os mecanismos de dano identificados na análise de M-B-5124001C?,11,O Rolamento do motor elétrico M-B-5124001C apresentou vibração em operação do mancal do lado não acoplado após 1000 horas de operação. Após a identificação do evento o componente foi substituído e env,heuristic,metadata.analise_tag
O que causou a falha no M-B-5124001C?,11,O Rolamento do motor elétrico M-B-5124001C apresentou vibração em operação do mancal do lado não acoplado após 1000 horas de operação. Após a identificação do evento o componente foi substituído e env,heuristic,metadata.tag.causa
Qual a conclusão da análise de falha do M-B-5124001C?,11,O Rolamento do motor elétrico M-B-5124001C apresentou vibração em operação do mancal do lado não acoplado após 1000 horas de operação. Após a identificação do evento o componente foi substituído e env,heuristic,metadata.tag.conclusao
"Em qual relatório é descrito: ""Após finalização da manutenção do teto do tanque de armazenamento de C5+, a PSV-6311009 foi instalada""?",22,"Após finalização da manutenção do teto do tanque de armazenamento de C5+, a PSV-6311009 foi instalada. Em 19/09/2025, durante pressurização do tanque em etapa de comissionamento para retorno operacion",heuristic,content.first_sentence
Quais foram os mecanismos de dano identificados na análise de PSV-6311009?,22,"Após finalização da manutenção do teto do tanque de armazenamento de C5+, a PSV-6311009 foi instalada. Em 19/09/2025, durante pressurização do tanque em etapa de comissionamento para retorno operacion",heuristic,metadata.analise_tag
O que causou a falha no PSV-6311009?,22,"Após finalização da manutenção do teto do tanque de armazenamento de C5+, a PSV-6311009 foi instalada. Em 19/09/2025, durante pressurização do tanque em etapa de comissionamento para retorno operacion",heuristic,metadata.tag.causa
"Em qual relatório é descrito: ""A inspeção visual e o ensaio por líquidos penetrantes (LP) realizados nas amostras recebidas permitiram observar que os componentes não apresentam dan""?",8,A inspeção visual e o ensaio por líquidos penetrantes (LP) realizados nas amostras recebidas permitiram observar que os componentes não apresentam danos e/ou descontinuidades superficiais típicos de t,heuristic,content.first_sentence
Qual a conclusão da análise de falha do MOITÕES DE ALUMINIO?,8,A inspeção visual e o ensaio por líquidos penetrantes (LP) realizados nas amostras recebidas permitiram observar que os componentes não apresentam danos e/ou descontinuidades superficiais típicos de t,heuristic,metadata.tag.conclusao
Quais foram os danos observados no equipamento MOITÕES DE ALUMINIO?,8,A inspeção visual e o ensaio por líquidos penetrantes (LP) realizados nas amostras recebidas permitiram observar que os componentes não apresentam danos e/ou descontinuidades superficiais típicos de t,heuristic,metadata.tag.danos
Qual o tipo de equipamento analisado no relatório ISQ-AF-2030523-L-02366?,16,"A análise por réplica metalográfica realizada na superfície interna do vaso sobre a solda longitudinal na região do dano 2, não permitiu a análise metalográfica por não ter sido atacada durante a exec",heuristic,metadata.equipamento
"Em qual relatório é descrito: ""A análise por réplica metalográfica realizada na superfície interna do vaso sobre a solda longitudinal na região do dano 2, não permitiu a análise met""?",16,"A análise por réplica metalográfica realizada na superfície interna do vaso sobre a solda longitudinal na região do dano 2, não permitiu a análise metalográfica por não ter sido atacada durante a exec",heuristic,content.first_sentence
O que causou a falha no SG-1223001?,16,"A análise por réplica metalográfica realizada na superfície interna do vaso sobre a solda longitudinal na região do dano 2, não permitiu a análise metalográfica por não ter sido atacada durante a exec",heuristic,metadata.tag.causa
Qual a análise de falha realizada para o cliente PETROBRÁS COMPARTILHADO na unidade UN-BUZ P-74?,14,O radiador do gerador P-UG-5262501 da P-74 foi submetido a análise de falha com o objetivo de identificar os mecanismos de danos responsáveis pela perda de estanqueidade do componente. Após a retirada,heuristic,metadata.cliente_unidade
Qual o tipo de equipamento analisado no relatório ISQ-AF-2030523-L-022?,14,O radiador do gerador P-UG-5262501 da P-74 foi submetido a análise de falha com o objetivo de identificar os mecanismos de danos responsáveis pela perda de estanqueidade do componente. Após a retirada,heuristic,metadata.equipamento
"Em qual relatório é descrito: ""O radiador do gerador P-UG-5262501 da P-74 foi submetido a análise de falha com o objetivo de identificar os mecanismos de danos responsáveis pela per""?",14,O radiador do gerador P-UG-5262501 da P-74 foi submetido a análise de falha com o objetivo de identificar os mecanismos de danos responsáveis pela perda de estanqueidade do componente. Após a retirada,heuristic,content.first_sentence
Quais foram os danos observados no equipamento 0613-E-0003?,20,"No dia 01 de setembro de 2025, foi identificado contaminação do condensado do Vapor de Média. Após avaliação, constatou que o 0613-E-0003 estava dando passagem. O equipamento foi retirado de operação ",heuristic,metadata.tag.danos
Qual a conclusão da análise de falha do 0613-E-0003?,20,"No dia 01 de setembro de 2025, foi identificado contaminação do condensado do Vapor de Média. Após avaliação, constatou que o 0613-E-0003 estava dando passagem. O equipamento foi retirado de operação ",heuristic,metadata.tag.conclusao
Houve indícios de corrosão na análise do equipamento Permutador de calor?,20,"No dia 01 de setembro de 2025, foi identificado contaminação do condensado do Vapor de Média. Após avaliação, constatou que o 0613-E-0003 estava dando passagem. O equipamento foi retirado de operação ",heuristic,content.dano
"Em qual relatório é descrito: ""Os resultados das análises indicam que o tubo do superaquecedor falhou em operação por superaquecimento rápido em curto prazo""?",21,Os resultados das análises indicam que o tubo do superaquecedor falhou em operação por superaquecimento rápido em curto prazo. O mecanismo ocorreu em temperatura alta o suficiente para a ocorrência do,heuristic,content.first_sentence
Quais foram os mecanismos de dano identificados na análise de 0121-F-0001C?,21,Os resultados das análises indicam que o tubo do superaquecedor falhou em operação por superaquecimento rápido em curto prazo. O mecanismo ocorreu em temperatura alta o suficiente para a ocorrência do,heuristic,metadata.analise_tag
O que causou a falha no 0121-F-0001C?,21,Os resultados das análises indicam que o tubo do superaquecedor falhou em operação por superaquecimento rápido em curto prazo. O mecanismo ocorreu em temperatura alta o suficiente para a ocorrência do,heuristic,metadata.tag.causa
Houve indícios de corrosão na análise do equipamento Eixo de Bomba?,15,"Os resultados das análises indicam que o eixo falhou em operação devido a propagação da fratura por fadiga mecânica, aparentemente iniciada no rasgo de chaveta, e ruptura final frágil por sobrecarga e",heuristic,content.dano
Quais foram os danos observados no equipamento B-5125001-C?,15,"Os resultados das análises indicam que o eixo falhou em operação devido a propagação da fratura por fadiga mecânica, aparentemente iniciada no rasgo de chaveta, e ruptura final frágil por sobrecarga e",heuristic,metadata.tag.danos
Quais foram os mecanismos de dano identificados na análise de B-5125001-C?,15,"Os resultados das análises indicam que o eixo falhou em operação devido a propagação da fratura por fadiga mecânica, aparentemente iniciada no rasgo de chaveta, e ruptura final frágil por sobrecarga e",heuristic,metadata.analise_tag
Houve indícios de corrosão na análise do equipamento Linha de Dreno de Ø2”?,7,A análise visual do trecho de tubo recebido para análises permitiu identificar região da extremidade com corrosão interna e obstrução do tubo por borra do produto aderido internamente ao tubo. O ensai,heuristic,content.dano
O que causou a falha no 2”-PE-66-004-C1?,7,A análise visual do trecho de tubo recebido para análises permitiu identificar região da extremidade com corrosão interna e obstrução do tubo por borra do produto aderido internamente ao tubo. O ensai,heuristic,metadata.tag.causa
Quais foram os mecanismos de dano identificados na análise de 2”-PE-66-004-C1?,7,A análise visual do trecho de tubo recebido para análises permitiu identificar região da extremidade com corrosão interna e obstrução do tubo por borra do produto aderido internamente ao tubo. O ensai,heuristic,metadata.analise_tag
O que causou a falha no P-UH-B-UB-5420501C-01?,13,"A placa 2 falhou em operação devido a nucleação de trinca superficial que propagou por fadiga mecânica resultando em contaminação cruzada. A localização da trinca adjacente a base da nervura lateral, ",heuristic,metadata.tag.causa
Quais foram os mecanismos de dano identificados na análise de P-UH-B-UB-5420501C-01?,13,"A placa 2 falhou em operação devido a nucleação de trinca superficial que propagou por fadiga mecânica resultando em contaminação cruzada. A localização da trinca adjacente a base da nervura lateral, ",heuristic,metadata.analise_tag
Qual o tipo de equipamento analisado no relatório ISQ-AF-2030523-L-01478?,13,"A placa 2 falhou em operação devido a nucleação de trinca superficial que propagou por fadiga mecânica resultando em contaminação cruzada. A localização da trinca adjacente a base da nervura lateral, ",heuristic,metadata.equipamento
Houve indícios de corrosão na análise do equipamento CAIXA FRIA?,2,Após a realização da inspeção visual dos componentes da caixa fria foram encontrados alguns tubos com pites de corrosão superficiais e furos. Foram retirados 3 trechos de tubos com cerca de 500mm de c,heuristic,content.dano
Qual a análise de falha realizada para o cliente PETROBRÁS COMPARTILHADO na unidade PETROBRÁS – BOAVENTURA?,2,Após a realização da inspeção visual dos componentes da caixa fria foram encontrados alguns tubos com pites de corrosão superficiais e furos. Foram retirados 3 trechos de tubos com cerca de 500mm de c,heuristic,metadata.cliente_unidade
Quais foram os danos observados no equipamento TUBOS DE ALUMINIO?,2,Após a realização da inspeção visual dos componentes da caixa fria foram encontrados alguns tubos com pites de corrosão superficiais e furos. Foram retirados 3 trechos de tubos com cerca de 500mm de c,heuristic,metadata.tag.danos
O que causou a falha no B-5125001-C?,15,A bomba de circulação de água B-5125001-C da P-74 falhou em operação resultando na quebra do eixo e do acoplamento. O eixo foi retirado do equipamento e enviado para a sede do ISQ Brasil no dia 27/08/,heuristic,metadata.tag.causa
Qual a análise de falha realizada para o cliente PETROBRÁS COMPARTILHADO na unidade UN-BUZIOS – Plataforma P-74?,15,A bomba de circulação de água B-5125001-C da P-74 falhou em operação resultando na quebra do eixo e do acoplamento. O eixo foi retirado do equipamento e enviado para a sede do ISQ Brasil no dia 27/08/,heuristic,metadata.cliente_unidade
"Em qual relatório é descrito: ""A bomba de circulação de água B-5125001-C da P-74 falhou em operação resultando na quebra do eixo e do acoplamento""?",15,A bomba de circulação de água B-5125001-C da P-74 falhou em operação resultando na quebra do eixo e do acoplamento. O eixo foi retirado do equipamento e enviado para a sede do ISQ Brasil no dia 27/08/,heuristic,content.first_sentence
Quais foram os danos observados no equipamento SG-1223001?,17,"As análises realizadas na amostra retirada da solda LW3 do vaso SG-1223001 na região do dano 4, não identificou presença de trincas embebidas na solda, conforme mencionado no relatório de ultrassom N°",heuristic,metadata.tag.danos
O que causou a falha no SG-1223001?,17,"As análises realizadas na amostra retirada da solda LW3 do vaso SG-1223001 na região do dano 4, não identificou presença de trincas embebidas na solda, conforme mencionado no relatório de ultrassom N°",heuristic,metadata.tag.causa
Qual a conclusão da análise de falha do SG-1223001?,17,"As análises realizadas na amostra retirada da solda LW3 do vaso SG-1223001 na região do dano 4, não identificou presença de trincas embebidas na solda, conforme mencionado no relatório de ultrassom N°",heuristic,metadata.tag.conclusao
Quais foram os danos observados no equipamento GAXETA?,126,Amostra de gaxeta retirada de permutador de placas de P-69. Material: Elastomérico (Borracha EPDM).   3. DADOS DA AMOSTRA RECEBIDA PARA ANÁLISES.  caracterização do polímero da gaxeta.,heuristic,metadata.tag.danos
"Em qual relatório é descrito: ""Amostra de gaxeta retirada de permutador de placas de P-69""?",126,Amostra de gaxeta retirada de permutador de placas de P-69. Material: Elastomérico (Borracha EPDM).   3. DADOS DA AMOSTRA RECEBIDA PARA ANÁLISES.  caracterização do polímero da gaxeta.,heuristic,content.first_sentence
O que causou a falha no GAXETA?,126,Amostra de gaxeta retirada de permutador de placas de P-69. Material: Elastomérico (Borracha EPDM).   3. DADOS DA AMOSTRA RECEBIDA PARA ANÁLISES.  caracterização do polímero da gaxeta.,heuristic,metadata.tag.causa
O que causou a falha no GD-526001/2?,10,"A análise visual das amostras recebidas permitiu verificar as seguintes características: - Pino de fixação das engrenagens (Amostra 1) com ruptura transversal, características que indicam iniciação em",heuristic,metadata.tag.causa
"Em qual relatório é descrito: ""A análise visual das amostras recebidas permitiu verificar as seguintes características: - Pino de fixação das engrenagens (Amostra 1) com ruptura tra""?",10,"A análise visual das amostras recebidas permitiu verificar as seguintes características: - Pino de fixação das engrenagens (Amostra 1) com ruptura transversal, características que indicam iniciação em",heuristic,content.first_sentence
Quais foram os mecanismos de dano identificados na análise de GD-526001/2?,10,"A análise visual das amostras recebidas permitiu verificar as seguintes características: - Pino de fixação das engrenagens (Amostra 1) com ruptura transversal, características que indicam iniciação em",heuristic,metadata.analise_tag
O que causou a falha no 0003-R-0003?,129,"As análises de superfície de fratura realizadas por MEV-EDS nas amostras 1, 2, 4 e 5 de estojos rompidos, mostraram as seguintes características:  Amostra 1 – Iniciação e propagação por fadiga mecânic",heuristic,metadata.tag.causa
Qual a conclusão da análise de falha do 0003-R-0003?,129,"As análises de superfície de fratura realizadas por MEV-EDS nas amostras 1, 2, 4 e 5 de estojos rompidos, mostraram as seguintes características:  Amostra 1 – Iniciação e propagação por fadiga mecânic",heuristic,metadata.tag.conclusao
Qual a análise de falha realizada para o cliente PETROBRÁS COMPARTILHADO na unidade UN-REGAP (Refinaria Gabriel Passos-MG)?,129,"As análises de superfície de fratura realizadas por MEV-EDS nas amostras 1, 2, 4 e 5 de estojos rompidos, mostraram as seguintes características:  Amostra 1 – Iniciação e propagação por fadiga mecânic",heuristic,metadata.cliente_unidade
Qual a análise de falha realizada para o cliente PETROBRÁS COMPARTILHADO na unidade PETROBRÁS – UN BÚZIOS – P-75?,12,A análise visual das placas 8F e 10F permitiu identificar pontos com danos superficiais típicos de desgaste e pontos de deformações causados pelo atrito entre os pontos de contatos dos componentes. As,heuristic,metadata.cliente_unidade
"Em qual relatório é descrito: ""A análise visual das placas 8F e 10F permitiu identificar pontos com danos superficiais típicos de desgaste e pontos de deformações causados pelo atri""?",12,A análise visual das placas 8F e 10F permitiu identificar pontos com danos superficiais típicos de desgaste e pontos de deformações causados pelo atrito entre os pontos de contatos dos componentes. As,heuristic,content.first_sentence
Qual o tipo de equipamento analisado no relatório ISQ-AF-2030523-L-00986?,12,A análise visual das placas 8F e 10F permitiu identificar pontos com danos superficiais típicos de desgaste e pontos de deformações causados pelo atrito entre os pontos de contatos dos componentes. As,heuristic,metadata.equipamento
Qual a análise de falha realizada para o cliente PETROBRÁS COMPARTILHADO na unidade UN-REFAP (Refinaria Alberto Pasqualini-RS) FOLHA:?,19,A inspeção visual realizada nas amostras recebidas para análises permitiu observar filme superficial uniforme de óxido de ferro e fratura com característica frágil. A avaliação microestrutural realiza,heuristic,metadata.cliente_unidade
"Em qual relatório é descrito: ""A inspeção visual realizada nas amostras recebidas para análises permitiu observar filme superficial uniforme de óxido de ferro e fratura com caracter""?",19,A inspeção visual realizada nas amostras recebidas para análises permitiu observar filme superficial uniforme de óxido de ferro e fratura com característica frágil. A avaliação microestrutural realiza,heuristic,content.first_sentence
Qual o tipo de equipamento analisado no relatório ISQ-AF-2030523-L-203970?,19,A inspeção visual realizada nas amostras recebidas para análises permitiu observar filme superficial uniforme de óxido de ferro e fratura com característica frágil. A avaliação microestrutural realiza,heuristic,metadata.equipamento
Qual a conclusão da análise de falha do TUBOS DE ALUMINIO?,2,A inspeção visual dos trechos de tubos recebidos para análise permitiu identificar danos superficiais externos típicos de alvéolos de corrosão. A amostra 2 apresentou maior intensidade de danos e furo,heuristic,metadata.tag.conclusao
Qual a análise de falha realizada para o cliente PETROBRÁS COMPARTILHADO na unidade PETROBRÁS – BOAVENTURA?,2,A inspeção visual dos trechos de tubos recebidos para análise permitiu identificar danos superficiais externos típicos de alvéolos de corrosão. A amostra 2 apresentou maior intensidade de danos e furo,heuristic,metadata.cliente_unidade
Quais foram os mecanismos de dano identificados na análise de TUBOS DE ALUMINIO?,2,A inspeção visual dos trechos de tubos recebidos para análise permitiu identificar danos superficiais externos típicos de alvéolos de corrosão. A amostra 2 apresentou maior intensidade de danos e furo,heuristic,metadata.analise_tag
Qual a análise de falha realizada para o cliente PETROBRÁS COMPARTILHADO na unidade USINA TERMELÉTRICA TERMORIO (UTE-TRI)?,6,O tubo 58 da fileira inferior do evaporador de alta pressão (HP-EVAP) da caldeira 22HA apresentou vazamento em operação. O equipamento foi retirado de operação para realização de reparo. Após a substi,heuristic,metadata.cliente_unidade
O que causou a falha no 22HA – HP-EVAP?,6,O tubo 58 da fileira inferior do evaporador de alta pressão (HP-EVAP) da caldeira 22HA apresentou vazamento em operação. O equipamento foi retirado de operação para realização de reparo. Após a substi,heuristic,metadata.tag.causa
Houve indícios de vazamento na análise do equipamento Caldeira?,6,O tubo 58 da fileira inferior do evaporador de alta pressão (HP-EVAP) da caldeira 22HA apresentou vazamento em operação. O equipamento foi retirado de operação para realização de reparo. Após a substi,heuristic,content.dano
Qual a análise de falha realizada para o cliente PETROBRÁS COMPARTILHADO na unidade UN-BUZ P-74?,14,Os resultados das análises indicam que a colmeia do radiador apresenta dois mecanismos de danos iniciados. 1 - Corrosão atmosférica externa que resulta no afinamento das aletas e corrosão externa nos ,heuristic,metadata.cliente_unidade
O que causou a falha no P-UG-5262501?,14,Os resultados das análises indicam que a colmeia do radiador apresenta dois mecanismos de danos iniciados. 1 - Corrosão atmosférica externa que resulta no afinamento das aletas e corrosão externa nos ,heuristic,metadata.tag.causa
Quais foram os danos observados no equipamento P-UG-5262501?,14,Os resultados das análises indicam que a colmeia do radiador apresenta dois mecanismos de danos iniciados. 1 - Corrosão atmosférica externa que resulta no afinamento das aletas e corrosão externa nos ,heuristic,metadata.tag.danos
"Em qual relatório é descrito: ""As análises metalográficas mostraram microstruturas compostas por ferrita e perlita com início de esferoidização indicando a exposição dos tubos em te""?",115,As análises metalográficas mostraram microstruturas compostas por ferrita e perlita com início de esferoidização indicando a exposição dos tubos em temperatura superiores a 550°C. Observado danos supe,heuristic,content.first_sentence
Quais foram os danos observados no equipamento 06 e 16?,115,As análises metalográficas mostraram microstruturas compostas por ferrita e perlita com início de esferoidização indicando a exposição dos tubos em temperatura superiores a 550°C. Observado danos supe,heuristic,metadata.tag.danos
O que causou a falha no 06 e 16?,115,As análises metalográficas mostraram microstruturas compostas por ferrita e perlita com início de esferoidização indicando a exposição dos tubos em temperatura superiores a 550°C. Observado danos supe,heuristic,metadata.tag.causa
O que causou a falha no Trecho corrente?,19,"Durante a montagem da corrente da retomadora do coque (esteira de transporte de coque) o trecho de corrente rompeu adjacente a solda, além de outras regiões apresentarem trincas adjacentes as soldas. ",heuristic,metadata.tag.causa
Quais foram os danos observados no equipamento Trecho corrente?,19,"Durante a montagem da corrente da retomadora do coque (esteira de transporte de coque) o trecho de corrente rompeu adjacente a solda, além de outras regiões apresentarem trincas adjacentes as soldas. ",heuristic,metadata.tag.danos
Quais foram os mecanismos de dano identificados na análise de Trecho corrente?,19,"Durante a montagem da corrente da retomadora do coque (esteira de transporte de coque) o trecho de corrente rompeu adjacente a solda, além de outras regiões apresentarem trincas adjacentes as soldas. ",heuristic,metadata.analise_tag
Houve indícios de trinca na análise do equipamento Vaso Separador?,17,"A análise por réplica metalográfica realizada na superfície interna do vaso sobre a solda longitudinal na região do dano 2, não permitiu a análise metalográfica por não ter sido atacada durante a exec",heuristic,content.dano
Qual a análise de falha realizada para o cliente PETROBRÁS COMPARTILHADO na unidade PETROBRÁS – UN BÚZIOS – P-75?,17,"A análise por réplica metalográfica realizada na superfície interna do vaso sobre a solda longitudinal na região do dano 2, não permitiu a análise metalográfica por não ter sido atacada durante a exec",heuristic,metadata.cliente_unidade
Quais foram os danos observados no equipamento SG-1223001?,17,"A análise por réplica metalográfica realizada na superfície interna do vaso sobre a solda longitudinal na região do dano 2, não permitiu a análise metalográfica por não ter sido atacada durante a exec",heuristic,metadata.tag.danos
Quais foram os danos observados no equipamento SG-1223001?,16,"As análises realizadas na amostra retirada da solda LW3 do vaso SG-1223001 na região do dano 4, não identificou presença de trincas embebidas na solda, conforme mencionado no relatório de ultrassom N°",heuristic,metadata.tag.danos
"Em qual relatório é descrito: ""As análises realizadas na amostra retirada da solda LW3 do vaso SG-1223001 na região do dano 4, não identificou presença de trincas embebidas na solda""?",16,"As análises realizadas na amostra retirada da solda LW3 do vaso SG-1223001 na região do dano 4, não identificou presença de trincas embebidas na solda, conforme mencionado no relatório de ultrassom N°",heuristic,content.first_sentence
Qual a conclusão da análise de falha do SG-1223001?,16,"As análises realizadas na amostra retirada da solda LW3 do vaso SG-1223001 na região do dano 4, não identificou presença de trincas embebidas na solda, conforme mencionado no relatório de ultrassom N°",heuristic,metadata.tag.conclusao
Quais foram os danos observados no equipamento TUBOS DE ALUMINIO?,2,As análises realizadas indicam que os tubos de alumínio da caixa fria falharam por corrosão externa devido a presença de elevados níveis de cloretos. Os danos iniciam-se na superfície externa do tubo ,heuristic,metadata.tag.danos
"Em qual relatório é descrito: ""As análises realizadas indicam que os tubos de alumínio da caixa fria falharam por corrosão externa devido a presença de elevados níveis de cloretos""?",2,As análises realizadas indicam que os tubos de alumínio da caixa fria falharam por corrosão externa devido a presença de elevados níveis de cloretos. Os danos iniciam-se na superfície externa do tubo ,heuristic,content.first_sentence
Houve indícios de corrosão na análise do equipamento CAIXA FRIA?,2,As análises realizadas indicam que os tubos de alumínio da caixa fria falharam por corrosão externa devido a presença de elevados níveis de cloretos. Os danos iniciam-se na superfície externa do tubo ,heuristic,content.dano
Qual o tipo de equipamento analisado no relatório ISQ-LA-2030523-L-03126?,106,A análise metalográfica mostrou microstrutura composta por ferrita acicular e bainita. Observado deposição de camada superficial anticorrosiva. A análise química realizada por MEV-EDS na camada superf,heuristic,metadata.equipamento
Quais foram os danos observados no equipamento 03?,106,A análise metalográfica mostrou microstrutura composta por ferrita acicular e bainita. Observado deposição de camada superficial anticorrosiva. A análise química realizada por MEV-EDS na camada superf,heuristic,metadata.tag.danos
O que causou a falha no 03?,106,A análise metalográfica mostrou microstrutura composta por ferrita acicular e bainita. Observado deposição de camada superficial anticorrosiva. A análise química realizada por MEV-EDS na camada superf,heuristic,metadata.tag.causa
Qual a análise de falha realizada para o cliente PETROBRÁS COMPARTILHADO na unidade BOAVENTURA?,4,"A análise visual dos trechos das amostras 1 e 2 enviadas para análises permitiu observar diversos de defeitos de soldagem tais como deposição insuficiente, poros, falta de fusão, perna de solda horizo",heuristic,metadata.cliente_unidade
Houve indícios de corrosão na análise do equipamento Suporte de tubulação?,4,"A análise visual dos trechos das amostras 1 e 2 enviadas para análises permitiu observar diversos de defeitos de soldagem tais como deposição insuficiente, poros, falta de fusão, perna de solda horizo",heuristic,content.dano
Qual o tipo de equipamento analisado no relatório ISQ-AF-2030523-L-01803?,4,"A análise visual dos trechos das amostras 1 e 2 enviadas para análises permitiu observar diversos de defeitos de soldagem tais como deposição insuficiente, poros, falta de fusão, perna de solda horizo",heuristic,metadata.equipamento
"Em qual relatório é descrito: ""A análise dimensional da amostra de tubo mostrou ovalização do diâmetro, indicando baixa variação dimensional e ovalização de 15% no tubo 24""?",105,"A análise dimensional da amostra de tubo mostrou ovalização do diâmetro, indicando baixa variação dimensional e ovalização de 15% no tubo 24. Observado deformação ao longo do comprimento das amostras ",heuristic,content.first_sentence
Qual o tipo de equipamento analisado no relatório ISQ-LA-2030523-L-03403?,105,"A análise dimensional da amostra de tubo mostrou ovalização do diâmetro, indicando baixa variação dimensional e ovalização de 15% no tubo 24. Observado deformação ao longo do comprimento das amostras ",heuristic,metadata.equipamento
Qual a análise de falha realizada para o cliente PETROBRÁS COMPARTILHADO na unidade BOAVENTURA?,105,"A análise dimensional da amostra de tubo mostrou ovalização do diâmetro, indicando baixa variação dimensional e ovalização de 15% no tubo 24. Observado deformação ao longo do comprimento das amostras ",heuristic,metadata.cliente_unidade
Qual o tipo de equipamento analisado no relatório ISQ-AF-2030523-L-00647?,9,"A caixa redutora do guindaste falhou em operação. Após a ocorrência da falha o conjunto foi desmontado, e um pino de fixação das engrenagens, duas engrenagens e o eixo principal do pinhão da mesa de g",heuristic,metadata.equipamento
"Em qual relatório é descrito: ""A caixa redutora do guindaste falhou em operação""?",9,"A caixa redutora do guindaste falhou em operação. Após a ocorrência da falha o conjunto foi desmontado, e um pino de fixação das engrenagens, duas engrenagens e o eixo principal do pinhão da mesa de g",heuristic,content.first_sentence
Quais foram os mecanismos de dano identificados na análise de GD-526001/2?,9,"A caixa redutora do guindaste falhou em operação. Após a ocorrência da falha o conjunto foi desmontado, e um pino de fixação das engrenagens, duas engrenagens e o eixo principal do pinhão da mesa de g",heuristic,metadata.analise_tag
Houve indícios de corrosão na análise do equipamento Linha de Dreno de Ø2”?,7,"Durante operação no Sistema de Petróleo, foi identificada falha em um dreno de 2 polegadas, localizado na área do Scrapper 1. O componente faz parte da tubulação auxiliar conectada ao sistema principa",heuristic,content.dano
Qual o tipo de equipamento analisado no relatório ISQ-AF-2030523-L-01785?,7,"Durante operação no Sistema de Petróleo, foi identificada falha em um dreno de 2 polegadas, localizado na área do Scrapper 1. O componente faz parte da tubulação auxiliar conectada ao sistema principa",heuristic,metadata.equipamento
Qual a conclusão da análise de falha do 2”-PE-66-004-C1?,7,"Durante operação no Sistema de Petróleo, foi identificada falha em um dreno de 2 polegadas, localizado na área do Scrapper 1. O componente faz parte da tubulação auxiliar conectada ao sistema principa",heuristic,metadata.tag.conclusao
Quais foram os danos observados no equipamento GVC-5131001B?,103,"A análise dimensional da amostra de tubo mostrou ovalização do diâmetro, indicando baixa variação dimensional e ovalização de 15% no tubo 24. Observado deformação ao longo do comprimento das amostras ",heuristic,metadata.tag.danos
O que causou a falha no GVC-5131001B?,103,"A análise dimensional da amostra de tubo mostrou ovalização do diâmetro, indicando baixa variação dimensional e ovalização de 15% no tubo 24. Observado deformação ao longo do comprimento das amostras ",heuristic,metadata.tag.causa
"Em qual relatório é descrito: ""A análise dimensional da amostra de tubo mostrou ovalização do diâmetro, indicando baixa variação dimensional e ovalização de 15% no tubo 24""?",103,"A análise dimensional da amostra de tubo mostrou ovalização do diâmetro, indicando baixa variação dimensional e ovalização de 15% no tubo 24. Observado deformação ao longo do comprimento das amostras ",heuristic,content.first_sentence
"Em qual relatório é descrito: ""O equipamento P-UH-B-UB-5420501C-01 instalado na plataforma P-77 apresentou vazamento em operação resultando em contaminação cruzada, ele foi enviado""?",13,"O equipamento P-UH-B-UB-5420501C-01 instalado na plataforma P-77 apresentou vazamento em operação resultando em contaminação cruzada, ele foi enviado à empresa Tranter, para realização de inspeção em ",heuristic,content.first_sentence
Qual a conclusão da análise de falha do P-UH-B-UB-5420501C-01?,13,"O equipamento P-UH-B-UB-5420501C-01 instalado na plataforma P-77 apresentou vazamento em operação resultando em contaminação cruzada, ele foi enviado à empresa Tranter, para realização de inspeção em ",heuristic,metadata.tag.conclusao
O que causou a falha no P-UH-B-UB-5420501C-01?,13,"O equipamento P-UH-B-UB-5420501C-01 instalado na plataforma P-77 apresentou vazamento em operação resultando em contaminação cruzada, ele foi enviado à empresa Tranter, para realização de inspeção em ",heuristic,metadata.tag.causa
Quais foram os danos observados no equipamento GD-526001/2?,9,"As análises realizadas indicam que o conjunto falhou em operação, devido à ruptura do Pino de fixação das engrenagens (Item 5) do redutor de S-600 (Item 100) por Fadiga Mecânica, associado a carregame",heuristic,metadata.tag.danos
Quais foram os mecanismos de dano identificados na análise de GD-526001/2?,9,"As análises realizadas indicam que o conjunto falhou em operação, devido à ruptura do Pino de fixação das engrenagens (Item 5) do redutor de S-600 (Item 100) por Fadiga Mecânica, associado a carregame",heuristic,metadata.analise_tag
Qual a conclusão da análise de falha do GD-526001/2?,9,"As análises realizadas indicam que o conjunto falhou em operação, devido à ruptura do Pino de fixação das engrenagens (Item 5) do redutor de S-600 (Item 100) por Fadiga Mecânica, associado a carregame",heuristic,metadata.tag.conclusao
