query_id,variant,search_latency_ms,results_returned
1,chroma_hnsw_latency,6.572576000053232,10
2,chroma_hnsw_latency,4.850598000075479,10
3,chroma_hnsw_latency,5.0804479999442265,10
4,chroma_hnsw_latency,5.182345999969584,10
5,chroma_hnsw_latency,5.10962099997414,10
6,chroma_hnsw_latency,5.12831899993671,10
7,chroma_hnsw_latency,4.774513000029401,10
8,chroma_hnsw_latency,4.793947999928605,10
9,chroma_hnsw_latency,4.822145000048295,10
10,chroma_hnsw_latency,4.787480000004507,10
11,chroma_hnsw_latency,4.47170199993252,10
12,chroma_hnsw_latency,4.148451000105524,10
13,chroma_hnsw_latency,4.605598000011923,10
14,chroma_hnsw_latency,4.677622000031079,10
15,chroma_hnsw_latency,4.424382000024707,10
16,chroma_hnsw_latency,4.3363809999164005,10
17,chroma_hnsw_latency,4.522792999978265,10
18,chroma_hnsw_latency,4.689993999932085,10
19,chroma_hnsw_latency,4.451883000001544,10
20,chroma_hnsw_latency,4.5615989999987505,10
21,chroma_hnsw_latency,4.917497999940679,10
22,chroma_hnsw_latency,5.405064000001403,10
23,chroma_hnsw_latency,5.562269999927594,10
24,chroma_hnsw_latency,5.166234000057557,10
25,chroma_hnsw_latency,5.581203000019741,10
26,chroma_hnsw_latency,5.516873000033229,10
27,chroma_hnsw_latency,5.22443599993494,10
28,chroma_hnsw_latency,4.43103300005987,10
29,chroma_hnsw_latency,4.650122999919404,10
30,chroma_hnsw_latency,4.621108000037566,10
31,chroma_hnsw_latency,4.2675479999161325,10
32,chroma_hnsw_latency,4.476694999993924,10
33,chroma_hnsw_latency,4.443843000103698,10
34,chroma_hnsw_latency,4.675993999967432,10
35,chroma_hnsw_latency,4.332434000048124,10
36,chroma_hnsw_latency,4.323161000002074,10
37,chroma_hnsw_latency,4.381975999990573,10
38,chroma_hnsw_latency,4.930303000037384,10
39,chroma_hnsw_latency,4.429798999922241,10
40,chroma_hnsw_latency,4.345455000020593,10
41,chroma_hnsw_latency,4.346183000052406,10
42,chroma_hnsw_latency,4.711142000019208,10
43,chroma_hnsw_latency,4.7059439999657116,10
44,chroma_hnsw_latency,4.4087659999831885,10
45,chroma_hnsw_latency,4.415974000039569,10
46,chroma_hnsw_latency,4.510962000040308,10
47,chroma_hnsw_latency,5.054753000081291,10
48,chroma_hnsw_latency,4.756873000019368,10
49,chroma_hnsw_latency,4.857126999922912,10
50,chroma_hnsw_latency,4.997936999984631,10
51,chroma_hnsw_latency,4.403371999956107,10
52,chroma_hnsw_latency,5.050855999911619,10
53,chroma_hnsw_latency,4.855410999994092,10
54,chroma_hnsw_latency,4.696218000049157,10
55,chroma_hnsw_latency,4.684827000005498,10
56,chroma_hnsw_latency,4.414382999925692,10
57,chroma_hnsw_latency,4.178365000029771,10
58,chroma_hnsw_latency,4.865021999989949,10
59,chroma_hnsw_latency,4.646661000037966,10
60,chroma_hnsw_latency,4.433745000028466,10
61,chroma_hnsw_latency,4.439909999973679,10
62,chroma_hnsw_latency,4.526325000028919,10
63,chroma_hnsw_latency,4.56965199998649,10
64,chroma_hnsw_latency,4.364437000049293,10
65,chroma_hnsw_latency,4.491447000077642,10
66,chroma_hnsw_latency,4.713960000003681,10
67,chroma_hnsw_latency,4.162589999964439,10
68,chroma_hnsw_latency,4.368403000057697,10
69,chroma_hnsw_latency,4.3573519999426935,10
70,chroma_hnsw_latency,5.105352999976276,10
71,chroma_hnsw_latency,4.715959999998631,10
72,chroma_hnsw_latency,4.466531000048235,10
73,chroma_hnsw_latency,4.508475999955408,10
74,chroma_hnsw_latency,5.087199999934455,10
75,chroma_hnsw_latency,4.5525289999659435,10
76,chroma_hnsw_latency,4.290785999955915,10
77,chroma_hnsw_latency,4.552940999928978,10
78,chroma_hnsw_latency,4.61928800007172,10
79,chroma_hnsw_latency,4.693467999913992,10
80,chroma_hnsw_latency,4.610875000025771,10
81,chroma_hnsw_latency,4.8208469999053705,10
82,chroma_hnsw_latency,4.794525000079375,10
83,chroma_hnsw_latency,4.444266999939828,10
84,chroma_hnsw_latency,4.391291000047204,10
85,chroma_hnsw_latency,4.333614999950441,10
86,chroma_hnsw_latency,4.459269999983917,10
87,chroma_hnsw_latency,4.379800000037903,10
88,chroma_hnsw_latency,4.385659000035957,10
89,chroma_hnsw_latency,4.487867999955597,10
90,chroma_hnsw_latency,4.512638999926821,10
91,chroma_hnsw_latency,4.245193999963703,10
92,chroma_hnsw_latency,4.568296999991617,10
93,chroma_hnsw_latency,4.168034000031184,10
94,chroma_hnsw_latency,4.30545799997617,10
95,chroma_hnsw_latency,4.351035000013326,10
96,chroma_hnsw_latency,4.095309000035741,10
97,chroma_hnsw_latency,4.137113999945541,10
98,chroma_hnsw_latency,4.510390999939773,10
99,chroma_hnsw_latency,4.205217999924571,10
100,chroma_hnsw_latency,4.235066999967785,10
101,chroma_hnsw_latency,4.140931000051751,10
102,chroma_hnsw_latency,4.432672000007187,10
103,chroma_hnsw_latency,4.4255089999296615,10
104,chroma_hnsw_latency,4.404136999937691,10
105,chroma_hnsw_latency,4.3347739999717305,10
106,chroma_hnsw_latency,4.6381719999999405,10
107,chroma_hnsw_latency,4.30010900004163,10
108,chroma_hnsw_latency,4.377826999984791,10
109,chroma_hnsw_latency,4.282653999894137,10
110,chroma_hnsw_latency,4.470863000051395,10
111,chroma_hnsw_latency,4.192569999986517,10
112,chroma_hnsw_latency,4.2749220000359855,10
113,chroma_hnsw_latency,4.475400999922385,10
114,chroma_hnsw_latency,4.845866000096066,10
115,chroma_hnsw_latency,4.582064000032915,10
116,chroma_hnsw_latency,4.575901000066551,10
117,chroma_hnsw_latency,4.865944000016498,10
118,chroma_hnsw_latency,4.81595299993387,10
119,chroma_hnsw_latency,4.411041000025762,10
120,chroma_hnsw_latency,4.540647999988323,10
121,chroma_hnsw_latency,4.320839000001797,10
122,chroma_hnsw_latency,4.646881999974539,10
123,chroma_hnsw_latency,4.327450999994653,10
124,chroma_hnsw_latency,4.41561599996021,10
125,chroma_hnsw_latency,5.202356000040709,10
126,chroma_hnsw_latency,5.235029000004943,10
127,chroma_hnsw_latency,5.259707000050184,10
128,chroma_hnsw_latency,4.974092999987079,10
129,chroma_hnsw_latency,5.463942000005773,10
130,chroma_hnsw_latency,5.539563000070302,10
131,chroma_hnsw_latency,5.089325999961147,10
132,chroma_hnsw_latency,5.991882000103033,10
133,chroma_hnsw_latency,5.580812999937734,10
134,chroma_hnsw_latency,5.040816000018822,10
135,chroma_hnsw_latency,5.674065999983213,10
136,chroma_hnsw_latency,6.110687999921538,10
137,chroma_hnsw_latency,5.0537300000996765,10
138,chroma_hnsw_latency,5.078909999951975,10
139,chroma_hnsw_latency,4.864711999971405,10
140,chroma_hnsw_latency,4.639760000031856,10
141,chroma_hnsw_latency,4.7416039999461645,10
142,chroma_hnsw_latency,4.81033899995964,10
143,chroma_hnsw_latency,4.535239999995611,10
144,chroma_hnsw_latency,4.428409000070133,10
145,chroma_hnsw_latency,4.526040999962788,10
146,chroma_hnsw_latency,5.042557000024317,10
147,chroma_hnsw_latency,5.2841250000028595,10
148,chroma_hnsw_latency,4.652192000094146,10
149,chroma_hnsw_latency,4.683365000005324,10
150,chroma_hnsw_latency,4.77892999992946,10
151,chroma_hnsw_latency,4.731165999942277,10
152,chroma_hnsw_latency,4.556147999892346,10
153,chroma_hnsw_latency,5.17388100001881,10
154,chroma_hnsw_latency,4.947125999933633,10
155,chroma_hnsw_latency,5.017465000037191,10
156,chroma_hnsw_latency,5.295867999961956,10
157,chroma_hnsw_latency,5.119929999978012,10
158,chroma_hnsw_latency,5.477934999930767,10
159,chroma_hnsw_latency,4.503390999957446,10
160,chroma_hnsw_latency,4.413300999999592,10
161,chroma_hnsw_latency,4.694212999993397,10
162,chroma_hnsw_latency,5.296283999996376,10
163,chroma_hnsw_latency,4.583727999943221,10
164,chroma_hnsw_latency,4.554412999937085,10
165,chroma_hnsw_latency,4.71570700005941,10
166,chroma_hnsw_latency,5.253018000075826,10
167,chroma_hnsw_latency,4.5994910000217715,10
168,chroma_hnsw_latency,4.5580920000247716,10
169,chroma_hnsw_latency,4.534365000040452,10
170,chroma_hnsw_latency,4.489349999971637,10
171,chroma_hnsw_latency,4.3017159999863,10
172,chroma_hnsw_latency,4.376218000061272,10
173,chroma_hnsw_latency,4.432809000036286,10
174,chroma_hnsw_latency,4.588796999996703,10
175,chroma_hnsw_latency,4.173929000103271,10
176,chroma_hnsw_latency,4.4098229999463,10
177,chroma_hnsw_latency,4.282974000034301,10
178,chroma_hnsw_latency,4.784600999983013,10
179,chroma_hnsw_latency,4.35785600006966,10
180,chroma_hnsw_latency,4.842581000048085,10
181,chroma_hnsw_latency,4.7331929999927524,10
182,chroma_hnsw_latency,5.035748000068452,10
183,chroma_hnsw_latency,4.510993000053531,10
184,chroma_hnsw_latency,4.348946000050091,10
185,chroma_hnsw_latency,4.3936229999417264,10
186,chroma_hnsw_latency,4.837666999947032,10
187,chroma_hnsw_latency,4.510443999947711,10
188,chroma_hnsw_latency,4.9084810000294965,10
189,chroma_hnsw_latency,4.706987000076879,10
190,chroma_hnsw_latency,5.096571999956723,10
191,chroma_hnsw_latency,4.7790749999876425,10
192,chroma_hnsw_latency,4.522523999980876,10
193,chroma_hnsw_latency,4.322215999991386,10
194,chroma_hnsw_latency,4.6872650000295835,10
195,chroma_hnsw_latency,4.371757999933834,10
196,chroma_hnsw_latency,4.514081000024817,10
197,chroma_hnsw_latency,4.699686999970254,10
198,chroma_hnsw_latency,4.654119999941031,10
199,chroma_hnsw_latency,4.470915999945646,10
200,chroma_hnsw_latency,4.381405999993149,10
